{
    "credit": "Made with Blockbench by TyBraniff for use with Bluemap x TwilightForest",
	"texture_size": [64, 64],
	"elements": [
		{
			"name": "Base",
			"from": [1, 0, 1],
			"to": [16, 10, 15],
			"faces": {
				"north": {"uv": [3.5, 8.25, 7.25, 10.75], "texture": "#texture"},
				"east": {"uv": [0, 8.25, 3.5, 10.75], "texture": "#texture"},
				"south": {"uv": [10.75, 8.25, 14.5, 10.75], "texture": "#texture"},
				"west": {"uv": [7.25, 8.25, 10.75, 10.75], "texture": "#texture"},
				"up": {"uv": [3.25, 8.25, 0, 4.75], "texture": "#texture"},
				"down": {"uv": [7.25, 4.75, 3.5, 8.25], "texture": "#texture"}
			}
		},
		{
			"name": "Lid",
			"from": [1, 10, 1],
			"to": [16, 14, 15],
			"faces": {
				"north": {"uv": [14.5, 3.5, 10.75, 4.75], "texture": "#texture"},
				"east": {"uv": [0, 3.5, 3.5, 4.75], "texture": "#texture"},
				"south": {"uv": [7.25, 3.5, 3.5, 4.75], "texture": "#texture"},
				"west": {"uv": [7.25, 3.5, 10.75, 4.75], "texture": "#texture"},
				"up": {"uv": [11, 3.5, 7.25, 0], "texture": "#texture"},
				"down": {"uv": [3.5, 4.75, 0, 8.25], "texture": "#texture"}
			}
		},
		{
			"name": "Knob",
			"from": [15, 8, 0],
			"to": [16, 12, 1],
			"faces": {
				"north": {"uv": [0.5, 0.25, 0.75, 1.25], "texture": "#texture"},
				"east": {"uv": [0.25, 0.25, 0.5, 1.25], "texture": "#texture"},
				"south": {"uv": [1, 0.25, 1.25, 1.25], "texture": "#texture"},
				"west": {"uv": [0.75, 0.25, 1, 1.25], "texture": "#texture"},
				"up": {"uv": [0.75, 0.25, 0.5, 0], "texture": "#texture"},
				"down": {"uv": [1, 0, 0.75, 0.25], "texture": "#texture"}
			}
		}
	]
}