{
	"credit": "Made with Blockbench by TyBraniff for Bluemap",
	"texture_size": [64, 32],
	"textures": {
		"1": "twilightforest:model/cicada-model"
	},
	"elements": [
		{
			"name": "legs",
			"from": [4, 4, 15.9],
			"to": [12, 13, 15.8],
			"rotation": {"angle": 0, "axis": "y", "origin": [8, 8, 8]},
			"faces": {
				"north": {"uv": [4.25, 9.5, 2.25, 14], "texture": "#1"},
				"east": {"uv": [4, 9.5, 4.25, 14], "texture": "#1"},
				"south": {"uv": [4.25, 9.5, 2.25, 14], "texture": "#1"},
				"west": {"uv": [2.25, 9.5, 2.5, 14], "texture": "#1"},
				"up": {"uv": [2.25, 9.5, 4.25, 10], "texture": "#1"},
				"down": {"uv": [4.25, 10, 6.25, 9.5], "texture": "#1"}
			}
		},
		{
			"name": "fatbody",
			"from": [6, 5, 14],
			"to": [10, 11, 16],
			"rotation": {"angle": 0, "axis": "y", "origin": [8, 8, 8]},
			"faces": {
				"north": {"uv": [1.5, 6.5, 2.5, 9.5], "texture": "#1"},
				"east": {"uv": [1.5, 6.5, 2, 9.5], "texture": "#1"},
				"south": {"uv": [2.5, 5.5, 3.5, 8.5], "texture": "#1"},
				"west": {"uv": [2.5, 6.5, 3, 9.5], "texture": "#1"},
				"up": {"uv": [2.5, 6.5, 1.5, 5.5], "texture": "#1"},
				"down": {"uv": [3.5, 5.5, 2.5, 6.5], "texture": "#1"}
			}
		},
		{
			"name": "Skinnybody",
			"from": [7, 4, 15],
			"to": [9, 12, 15.9],
			"rotation": {"angle": 0, "axis": "y", "origin": [8, 8, 8]},
			"faces": {
				"north": {"uv": [2, 0.5, 2.5, 4.5], "texture": "#1"},
				"east": {"uv": [2, 0.5, 2.25, 4.5], "texture": "#1"},
				"south": {"uv": [2, 0, 2.5, 4], "texture": "#1"},
				"west": {"uv": [2.5, 0.5, 2.75, 4.5], "texture": "#1"},
				"up": {"uv": [2.5, 0.5, 2, 0], "texture": "#1"},
				"down": {"uv": [3, 0, 2.5, 0.5], "texture": "#1"}
			}
		},
		{
			"name": "eye1",
			"from": [5, 11, 13],
			"to": [7, 13, 15],
			"rotation": {"angle": 0, "axis": "y", "origin": [8, 8, 8]},
			"faces": {
				"north": {"uv": [5.5, 8.5, 6, 9.5], "texture": "#1"},
				"east": {"uv": [5, 8.5, 5.5, 9.5], "texture": "#1"},
				"south": {"uv": [6.5, 8.5, 7, 9.5], "texture": "#1"},
				"west": {"uv": [6, 8.5, 6.5, 9.5], "texture": "#1"},
				"up": {"uv": [6, 8.5, 5.5, 7.5], "texture": "#1"},
				"down": {"uv": [6.5, 7.5, 6, 8.5], "texture": "#1"}
			}
		},
		{
			"name": "eye2",
			"from": [9, 11, 13],
			"to": [11, 13, 15],
			"rotation": {"angle": 0, "axis": "y", "origin": [8, 8, 8]},
			"faces": {
				"north": {"uv": [5.5, 8.5, 6, 9.5], "texture": "#1"},
				"east": {"uv": [5, 8.5, 5.5, 9.5], "texture": "#1"},
				"south": {"uv": [6.5, 8.5, 7, 9.5], "texture": "#1"},
				"west": {"uv": [6, 8.5, 6.5, 9.5], "texture": "#1"},
				"up": {"uv": [6, 8.5, 5.5, 7.5], "texture": "#1"},
				"down": {"uv": [6.5, 7.5, 6, 8.5], "texture": "#1"}
			}
		},
		{
			"name": "wings",
			"from": [4, 2, 13],
			"to": [12, 10, 13],
			"rotation": {"angle": 0, "axis": "y", "origin": [8, 8, 8]},
			"faces": {
				"north": {"uv": [7, 0, 9, 4], "texture": "#1"},
				"east": {"uv": [7, 0, 7, 4], "texture": "#1"},
				"south": {"uv": [7, 0, 9, 4], "texture": "#1"},
				"west": {"uv": [9, 0, 9, 4], "texture": "#1"},
				"up": {"uv": [9, 0, 7, 0], "texture": "#1"},
				"down": {"uv": [11, 0, 9, 0], "texture": "#1"}
			}
		}
	]
}