{
	"credit": "Made with Blockbench by TyBraniff for Bluemap",
	"texture_size": [64, 32],
	"textures": {
		"1": "twilightforest:model/firefly-tiny"
	},
	"elements": [
		{
			"name": "legs",
			"from": [4, 3, 15.9],
			"to": [12, 13, 15.9],
			"rotation": {"angle": 0, "axis": "y", "origin": [8, 8, 8]},
			"faces": {
				"north": {"uv": [2.5, 10.5, 4.5, 15.5], "texture": "#1"},
				"east": {"uv": [2.5, 10.5, 2.5, 15.5], "texture": "#1"},
				"south": {"uv": [2.5, 10.5, 4.5, 15.5], "texture": "#1"},
				"west": {"uv": [4.5, 10.5, 4.5, 15.5], "texture": "#1"},
				"up": {"uv": [4.5, 10.5, 2.5, 10.5], "texture": "#1"},
				"down": {"uv": [6.5, 10.5, 4.5, 10.5], "texture": "#1"}
			}
		},
		{
			"name": "fatbody",
			"from": [6, 4, 14],
			"to": [10, 10, 16],
			"rotation": {"angle": 0, "axis": "y", "origin": [8, 8, 8]},
			"faces": {
				"north": {"uv": [1.5, 5.5, 2.5, 9.5], "texture": "#1"},
				"east": {"uv": [1.5, 5.5, 2.5, 9.5], "texture": "#1"},
				"south": {"uv": [1.5, 5.5, 2.5, 9.5], "texture": "#1"},
				"west": {"uv": [1.5, 5.5, 2.5, 9.5], "texture": "#1"},
				"up": {"uv": [5, 8.5, 4, 9.5], "texture": "#1"},
				"down": {"uv": [3, 2.5, 2, 3.5], "texture": "#1"}
			}
		},
		{
			"name": "skinnybody",
			"from": [7, 3, 15],
			"to": [9, 11, 15.9],
			"rotation": {"angle": 0, "axis": "y", "origin": [8, 8, 8]},
			"faces": {
				"north": {"uv": [2.5, 0, 3, 4.5], "texture": "#1"},
				"east": {"uv": [2.75, 0, 3, 4.5], "texture": "#1"},
				"south": {"uv": [2.5, 0.5, 3, 4.5], "texture": "#1"},
				"west": {"uv": [2.5, 0.5, 2.75, 4.5], "texture": "#1"},
				"up": {"uv": [2.5, 0.5, 2, 0], "texture": "#1"},
				"down": {"uv": [2, 4, 1.5, 4.5], "texture": "#1"}
			}
		}
	]
}