{
  "multipart": [
    {
      "apply": {
        "model": "biomeswevegone:block/ironwood_fence_post"
      }
    },
    {
      "apply": {
        "model": "biomeswevegone:block/ironwood_fence_side",
        "uvlock": true
      },
      "when": {
        "north": "true"
      }
    },
    {
      "apply": {
        "model": "biomeswevegone:block/ironwood_fence_side",
        "uvlock": true,
        "y": 180
      },
      "when": {
        "south": "true"
      }
    },
    {
      "apply": {
        "model": "biomeswevegone:block/ironwood_fence_side",
        "uvlock": true,
        "y": 270
      },
      "when": {
        "west": "true"
      }
    },
    {
      "apply": {
        "model": "biomeswevegone:block/ironwood_fence_side",
        "uvlock": true,
        "y": 90
      },
      "when": {
        "east": "true"
      }
    },
    {
      "apply": {
        "model": "biomeswevegone:block/ironwood_fence_side",
        "uvlock": true,
        "y": 45
      },
      "when": {
        "north_east": "true"
      }
    },
    {
      "apply": {
        "model": "biomeswevegone:block/ironwood_fence_side",
        "uvlock": true,
        "y": 135
      },
      "when": {
        "south_east": "true"
      }
    },
    {
      "apply": {
        "model": "biomeswevegone:block/ironwood_fence_side",
        "uvlock": true,
        "y": 225
      },
      "when": {
        "south_west": "true"
      }
    },
    {
      "apply": {
        "model": "biomeswevegone:block/ironwood_fence_side",
        "uvlock": true,
        "y": 315
      },
      "when": {
        "north_west": "true"
      }
    }
  ]
}