{
  "variants": {
    "facing=east,open=false": {
      "uvlock": false,
      "y": 270,
      "model": "mcwfences:block/railing_gate/end_brick_railing_gate"
    },
    "facing=east,open=true": {
      "uvlock": false,
      "y": 270,
      "model": "mcwfences:block/railing_gate/end_brick_railing_gate_open"
    },
    "facing=north,open=false": {
      "uvlock": false,
      "y": 180,
      "model": "mcwfences:block/railing_gate/end_brick_railing_gate"
    },
    "facing=north,open=true": {
      "uvlock": false,
      "y": 180,
      "model": "mcwfences:block/railing_gate/end_brick_railing_gate_open"
    },
    "facing=south,open=false": {
      "uvlock": false,
      "model": "mcwfences:block/railing_gate/end_brick_railing_gate"
    },
    "facing=south,open=true": {
      "uvlock": false,
      "model": "mcwfences:block/railing_gate/end_brick_railing_gate_open"
    },
    "facing=west,open=false": {
      "uvlock": false,
      "y": 90,
      "model": "mcwfences:block/railing_gate/end_brick_railing_gate"
    },
    "facing=west,open=true": {
      "uvlock": false,
      "y": 90,
      "model": "mcwfences:block/railing_gate/end_brick_railing_gate_open"
    }
  }
}