{
    "variants": {
		
    "north=true,east=true,south=true,west=true": { "model": "mcwfences:block/grass_topped/nether_brick_grass_topped_cross", "y": 0, "uvlock": false},
	
    "north=true,east=true,south=true,west=false": { "model": "mcwfences:block/grass_topped/nether_brick_grass_topped_triple", "y": 180, "uvlock": false},
    "north=true,east=true,south=false,west=true": { "model": "mcwfences:block/grass_topped/nether_brick_grass_topped_triple", "y": 90, "uvlock": false},
    "north=true,east=false,south=true,west=true": { "model": "mcwfences:block/grass_topped/nether_brick_grass_topped_triple", "y": 0, "uvlock": false},
    "north=false,east=true,south=true,west=true": { "model": "mcwfences:block/grass_topped/nether_brick_grass_topped_triple", "y": 270, "uvlock": false},
	
	"north=false,east=true,south=false,west=true": { "model": "mcwfences:block/grass_topped/nether_brick_grass_topped_middle", "y": 90, "uvlock": false},
	"north=true,east=false,south=true,west=false": { "model": "mcwfences:block/grass_topped/nether_brick_grass_topped_middle", "y": 0, "uvlock": false},
	
	"north=true,east=false,south=false,west=true": { "model": "mcwfences:block/grass_topped/nether_brick_grass_topped_corner", "y": 0, "uvlock": false},
    "north=false,east=true,south=true,west=false": { "model": "mcwfences:block/grass_topped/nether_brick_grass_topped_corner", "y": 180, "uvlock": false},
    "north=false,east=false,south=true,west=true": { "model": "mcwfences:block/grass_topped/nether_brick_grass_topped_corner", "y": 270, "uvlock": false},
	"north=true,east=true,south=false,west=false": { "model": "mcwfences:block/grass_topped/nether_brick_grass_topped_corner", "y": 90, "uvlock": false},
	
    "north=false,east=false,south=true,west=false": { "model": "mcwfences:block/grass_topped/nether_brick_grass_topped_side", "y": 180, "uvlock": false},
    "north=false,east=false,south=false,west=true": { "model": "mcwfences:block/grass_topped/nether_brick_grass_topped_side", "y": 270, "uvlock": false},
	"north=true,east=false,south=false,west=false": { "model": "mcwfences:block/grass_topped/nether_brick_grass_topped_side", "y": 0, "uvlock": false},
	"north=false,east=true,south=false,west=false": { "model": "mcwfences:block/grass_topped/nether_brick_grass_topped_side", "y": 90, "uvlock": false},
	
    "north=false,east=false,south=false,west=false": { "model": "mcwfences:block/grass_topped/nether_brick_grass_topped_post", "y": 0, "uvlock": false}
	
    }
}