{
	"credit": "Made with Blockbench by TyBraniff for use with Bluemap x TwilightForest",
	"parent": "minecraft:block/cube_all",
	"elements": [
		{
			"from": [0, 0, 0],
			"to": [16, 16, 16],
			"faces": {
				"north": {"uv": [8, 8, 12, 12], "texture": "#texture", "tintindex": 0},
				"east": {"uv": [8, 8, 12, 12], "texture": "#texture", "tintindex": 0},
				"south": {"uv": [8, 8, 12, 12], "texture": "#texture", "tintindex": 0},
				"west": {"uv": [8, 8, 12, 12], "texture": "#texture", "tintindex": 0},
				"up": {"uv": [8, 8, 12, 12], "texture": "#texture", "tintindex": 0},
				"down": {"uv": [8, 8, 12, 12], "texture": "#texture", "tintindex": 0}
			}
		}
	]
}