{
	"credit": "Made with Blockbench by TyBraniff for use with Bluemap x TwilightForest",
	"parent": "minecraft:block/cube_all",
	"elements": [
		{
			"from": [0, 0, 0],
			"to": [16, 16, 16],
			"faces": {
				"north": {"uv": [12, 12, 16, 16], "texture": "#texture"},
				"east": {"uv": [12, 12, 16, 16], "texture": "#texture"},
				"south": {"uv": [12, 12, 16, 16], "texture": "#texture"},
				"west": {"uv": [12, 12, 16, 16], "texture": "#texture"},
				"up": {"uv": [12, 12, 16, 16], "texture": "#texture"},
				"down": {"uv": [12, 12, 16, 16], "texture": "#texture"}
			}
		}
	]
}