{
  "minecraft:white_banner": "#F9FFFE",
  "minecraft:light_gray_banner": "#9D9D97",
  "minecraft:gray_banner": "#474F52",
  "minecraft:black_banner": "#1D1D21",
  "minecraft:brown_banner": "#835432",
  "minecraft:red_banner": "#B02E26",
  "minecraft:orange_banner": "#F9801D",
  "minecraft:yellow_banner": "#FED83D",
  "minecraft:lime_banner": "#80C71F",
  "minecraft:green_banner": "#5E7C16",
  "minecraft:cyan_banner": "#169C9C",
  "minecraft:light_blue_banner": "#3AB3DA",
  "minecraft:blue_banner": "#3C44AA",
  "minecraft:purple_banner": "#8932B8",
  "minecraft:magenta_banner": "#C74EBD",
  "minecraft:pink_banner": "#F38BAA",
  "minecraft:white_wall_banner": "#F9FFFE",
  "minecraft:light_gray_wall_banner": "#9D9D97",
  "minecraft:gray_wall_banner": "#474F52",
  "minecraft:black_wall_banner": "#1D1D21",
  "minecraft:brown_wall_banner": "#835432",
  "minecraft:red_wall_banner": "#B02E26",
  "minecraft:orange_wall_banner": "#F9801D",
  "minecraft:yellow_wall_banner": "#FED83D",
  "minecraft:lime_wall_banner": "#80C71F",
  "minecraft:green_wall_banner": "#5E7C16",
  "minecraft:cyan_wall_banner": "#169C9C",
  "minecraft:light_blue_wall_banner": "#3AB3DA",
  "minecraft:blue_wall_banner": "#3C44AA",
  "minecraft:purple_wall_banner": "#8932B8",
  "minecraft:magenta_wall_banner": "#C74EBD",
  "minecraft:pink_wall_banner": "#F38BAA",
  "minecraft:white_shulker_box": "#F9FFFE",
  "minecraft:light_gray_shulker_box": "#9D9D97",
  "minecraft:gray_shulker_box": "#474F52",
  "minecraft:black_shulker_box": "#1D1D21",
  "minecraft:brown_shulker_box": "#835432",
  "minecraft:red_shulker_box": "#B02E26",
  "minecraft:orange_shulker_box": "#F9801D",
  "minecraft:yellow_shulker_box": "#FED83D",
  "minecraft:lime_shulker_box": "#80C71F",
  "minecraft:green_shulker_box": "#5E7C16",
  "minecraft:cyan_shulker_box": "#169C9C",
  "minecraft:light_blue_shulker_box": "#3AB3DA",
  "minecraft:blue_shulker_box": "#3C44AA",
  "minecraft:purple_shulker_box": "#8932B8",
  "minecraft:magenta_shulker_box": "#C74EBD",
  "minecraft:pink_shulker_box": "#F38BAA"
}