{
  "multipart": [
    {
      "apply": {
        "model": "createdeco:block/copper_mesh_fence_post"
      },
      "when": {
        "east": "false",
        "north": "false",
        "south": "false",
        "west": "false"
      }
    },
    {
      "apply": {
        "model": "createdeco:block/copper_mesh_fence_post"
      },
      "when": {
        "east": "true",
        "north": "true"
      }
    },
    {
      "apply": {
        "model": "createdeco:block/copper_mesh_fence_post"
      },
      "when": {
        "north": "true",
        "west": "true"
      }
    },
    {
      "apply": {
        "model": "createdeco:block/copper_mesh_fence_post"
      },
      "when": {
        "east": "true",
        "south": "true"
      }
    },
    {
      "apply": {
        "model": "createdeco:block/copper_mesh_fence_post"
      },
      "when": {
        "south": "true",
        "west": "true"
      }
    },
    {
      "apply": {
        "model": "createdeco:block/copper_mesh_fence_post"
      },
      "when": {
        "east": "false",
        "north": "true",
        "south": "false",
        "west": "false"
      }
    },
    {
      "apply": {
        "model": "createdeco:block/copper_mesh_fence_post"
      },
      "when": {
        "east": "false",
        "north": "false",
        "south": "true",
        "west": "false"
      }
    },
    {
      "apply": {
        "model": "createdeco:block/copper_mesh_fence_post"
      },
      "when": {
        "east": "true",
        "north": "false",
        "south": "false",
        "west": "false"
      }
    },
    {
      "apply": {
        "model": "createdeco:block/copper_mesh_fence_post"
      },
      "when": {
        "east": "false",
        "north": "false",
        "south": "false",
        "west": "true"
      }
    },
    {
      "apply": {
        "model": "createdeco:block/copper_mesh_fence_side"
      },
      "when": {
        "east": "true"
      }
    },
    {
      "apply": {
        "model": "createdeco:block/copper_mesh_fence_side",
        "y": 90
      },
      "when": {
        "south": "true"
      }
    },
    {
      "apply": {
        "model": "createdeco:block/copper_mesh_fence_side",
        "y": 180
      },
      "when": {
        "west": "true"
      }
    },
    {
      "apply": {
        "model": "createdeco:block/copper_mesh_fence_side",
        "y": 270
      },
      "when": {
        "north": "true"
      }
    },
    {
      "apply": {
        "model": "createdeco:block/copper_mesh_fence_side",
        "uvlock": true,
        "y": 45
      },
      "when": {
        "north_east": "true"
      }
    },
    {
      "apply": {
        "model": "createdeco:block/copper_mesh_fence_side",
        "uvlock": true,
        "y": 135
      },
      "when": {
        "south_east": "true"
      }
    },
    {
      "apply": {
        "model": "createdeco:block/copper_mesh_fence_side",
        "uvlock": true,
        "y": 225
      },
      "when": {
        "south_west": "true"
      }
    },
    {
      "apply": {
        "model": "createdeco:block/copper_mesh_fence_side",
        "uvlock": true,
        "y": 315
      },
      "when": {
        "north_west": "true"
      }
    }
  ]
}