{
  "multipart": [
    {
      "apply": {
        "model": "mcwfencesbyg:block/horse/fir_log_fence_post"
      }
    },
    {
      "when": {
        "north": "true"
      },
      "apply": {
        "model": "mcwfencesbyg:block/stockade/fir_stockade_fence_side",
        "uvlock": false
      }
    },
    {
      "when": {
        "east": "true"
      },
      "apply": {
        "model": "mcwfencesbyg:block/stockade/fir_stockade_fence_side",
        "y": 90,
        "uvlock": false
      }
    },
    {
      "when": {
        "south": "true"
      },
      "apply": {
        "model": "mcwfencesbyg:block/stockade/fir_stockade_fence_side",
        "y": 180,
        "uvlock": false
      }
    },
    {
      "when": {
        "west": "true"
      },
      "apply": {
        "model": "mcwfencesbyg:block/stockade/fir_stockade_fence_side",
        "y": 270,
        "uvlock": false
      }
    },
    {
      "apply": {
        "model": "mcwfencesbyg:block/horse/fir_log_fence_side",
        "uvlock": true,
        "y": 45
      },
      "when": {
        "north_east": "true"
      }
    },
    {
      "apply": {
        "model": "mcwfencesbyg:block/horse/fir_log_fence_side",
        "uvlock": true,
        "y": 135
      },
      "when": {
        "south_east": "true"
      }
    },
    {
      "apply": {
        "model": "mcwfencesbyg:block/horse/fir_log_fence_side",
        "uvlock": true,
        "y": 225
      },
      "when": {
        "south_west": "true"
      }
    },
    {
      "apply": {
        "model": "mcwfencesbyg:block/horse/fir_log_fence_side",
        "uvlock": true,
        "y": 315
      },
      "when": {
        "north_west": "true"
      }
    }
  ]
}