{
  "variants": {
    "facing=east,open=false": {
      "uvlock": false,
      "y": 270,
      "model": "mcwfencesbyg:block/pyramid_gate/willow_pyramid_gate"
    },
    "facing=east,open=true": {
      "uvlock": false,
      "y": 270,
      "model": "mcwfencesbyg:block/pyramid_gate/willow_pyramid_gate_open"
    },
    "facing=north,open=false": {
      "uvlock": false,
      "y": 180,
      "model": "mcwfencesbyg:block/pyramid_gate/willow_pyramid_gate"
    },
    "facing=north,open=true": {
      "uvlock": false,
      "y": 180,
      "model": "mcwfencesbyg:block/pyramid_gate/willow_pyramid_gate_open"
    },
    "facing=south,open=false": {
      "uvlock": false,
      "model": "mcwfencesbyg:block/pyramid_gate/willow_pyramid_gate"
    },
    "facing=south,open=true": {
      "uvlock": false,
      "model": "mcwfencesbyg:block/pyramid_gate/willow_pyramid_gate_open"
    },
    "facing=west,open=false": {
      "uvlock": false,
      "y": 90,
      "model": "mcwfencesbyg:block/pyramid_gate/willow_pyramid_gate"
    },
    "facing=west,open=true": {
      "uvlock": false,
      "y": 90,
      "model": "mcwfencesbyg:block/pyramid_gate/willow_pyramid_gate_open"
    }
  }
}
