{
	"parent": "Made with Blockbench by TyBraniff for Bluemaps support.",
	"texture_size": [256, 256],
	"textures": {
		"0": "entity/enderdragon/dragon"
	},
	"elements": [
		{
			"name": "Skull",
			"from": [2, 0, 3.5],
			"to": [14, 12, 15.5],
			"faces": {
				"north": {"uv": [9.9375, 2.875, 10.9375, 3.875], "texture": "#0"},
				"east": {"uv": [9, 2.875, 10, 3.875], "texture": "#0"},
				"south": {"uv": [8, 2.875, 9, 3.875], "texture": "#0"},
				"west": {"uv": [7, 2.875, 8, 3.875], "texture": "#0"},
				"up": {"uv": [9, 1.875, 8, 2.875], "texture": "#0"},
				"down": {"uv": [11, 1.875, 10, 2.875], "texture": "#0"}
			}
		},
		{
			"name": "Horn1",
			"from": [4, 12, 6],
			"to": [6, 16, 12],
			"faces": {
				"north": {"uv": [0.875, 0.375, 1, 0.625], "texture": "#0"},
				"east": {"uv": [0.5, 0.375, 0.875, 0.625], "texture": "#0"},
				"south": {"uv": [0.375, 0.375, 0.5, 0.625], "texture": "#0"},
				"west": {"uv": [0, 0.375, 0.375, 0.625], "texture": "#0"},
				"up": {"uv": [0.375, 0, 0.5, 0.375], "texture": "#0"},
				"down": {"uv": [0, 0, 0.125, 0.375], "texture": "#0"}
			}
		},
		{
			"name": "Horn2",
			"from": [10, 12, 6],
			"to": [12, 16, 12],
			"faces": {
				"north": {"uv": [0.875, 0.375, 1, 0.625], "texture": "#0"},
				"east": {"uv": [0.5, 0.375, 0.875, 0.625], "texture": "#0"},
				"south": {"uv": [0.375, 0.375, 0.5, 0.625], "texture": "#0"},
				"west": {"uv": [0, 0.375, 0.375, 0.625], "texture": "#0"},
				"up": {"uv": [0.375, 0, 0.5, 0.375], "texture": "#0"},
				"down": {"uv": [0, 0, 0.125, 0.375], "texture": "#0"}
			}
		},
		{
			"name": "TopJaw",
			"from": [2.5, 3, 15.5],
			"to": [13.5, 7, 26],
			"faces": {
				"north": {"uv": [0.375, 3.375, 1.0625, 3.625], "texture": "#0"},
				"east": {"uv": [11, 3.75, 12.00625, 4.0625], "texture": "#0"},
				"south": {"uv": [12, 3.75, 12.8125, 4.0625], "texture": "#0"},
				"west": {"uv": [13.5, 3.75, 14.46875, 4.0625], "texture": "#0"},
				"up": {"uv": [12, 2.75, 12.75, 3.71875], "texture": "#0"},
				"down": {"uv": [12.74375, 3.75, 13.49375, 2.75], "texture": "#0"}
			}
		},
		{
			"name": "Bottom Jaw",
			"from": [2.5, 0.5, 14.5],
			"to": [13.5, 2.5, 26],
			"rotation": {"angle": 22.5, "axis": "x", "origin": [8, 2, 16]},
			"faces": {
				"north": {"uv": [8.1875, 4.8125, 8.875, 4.9375], "texture": "#0"},
				"east": {"uv": [11, 5.0625, 12, 5.3125], "texture": "#0"},
				"south": {"uv": [8.0625, 5.3125, 8.75, 5.4375], "texture": "#0"},
				"west": {"uv": [13.74375, 5.06875, 14.49375, 5.31875], "texture": "#0"},
				"up": {"uv": [12, 4.0625, 12.75, 5.0625], "texture": "#0"},
				"down": {"uv": [12.6875, 4.0625, 13.5, 5.0625], "texture": "#0"}
			}
		},
		{
			"name": "Nostril1",
			"from": [4, 7, 20],
			"to": [6, 9, 24],
			"faces": {
				"north": {"uv": [7.25, 0.25, 7.375, 0.375], "texture": "#0"},
				"east": {"uv": [7, 0.25, 7.25, 0.375], "texture": "#0"},
				"south": {"uv": [7.625, 0.25, 7.75, 0.375], "texture": "#0"},
				"west": {"uv": [7.375, 0.25, 7.625, 0.375], "texture": "#0"},
				"up": {"uv": [7.25, 0, 7.375, 0.25], "texture": "#0"},
				"down": {"uv": [7.125, 0, 7.25, 0.25], "texture": "#0"}
			}
		},
		{
			"name": "Nostril2",
			"from": [10, 7, 20],
			"to": [12, 9, 24],
			"faces": {
				"north": {"uv": [7.25, 0.25, 7.375, 0.375], "texture": "#0"},
				"east": {"uv": [7.375, 0.25, 7.625, 0.375], "texture": "#0"},
				"south": {"uv": [7.625, 0.25, 7.75, 0.375], "texture": "#0"},
				"west": {"uv": [7, 0.25, 7.25, 0.375], "texture": "#0"},
				"up": {"uv": [7.25, 0, 7.375, 0.25], "texture": "#0"},
				"down": {"uv": [7.125, 0, 7.25, 0.25], "texture": "#0"}
			}
		}
	]
}