{
    "credit": "Made with Blockbench by TyBraniff for Bluemaps support.",
	"texture_size": [64, 64],
	"textures": {
		"0": "entity/piglin/piglin"
	},
	"elements": [
		{
			"name": "Skull",
			"from": [3, 0, 4],
			"to": [13, 8, 12],
			"faces": {
				"north": {"uv": [6.5, 2, 9, 4], "texture": "#0"},
				"east": {"uv": [4.5, 2, 6.5, 4], "texture": "#0"},
				"south": {"uv": [2, 2, 4.5, 4], "texture": "#0"},
				"west": {"uv": [0, 2, 2, 4], "texture": "#0"},
				"up": {"uv": [2, 0, 4.5, 2], "texture": "#0"},
				"down": {"uv": [11.25, 0, 13.75, 2], "texture": "#0"}
			}
		},
		{
			"name": "SnoutBottom",
			"from": [6, 0, 12],
			"to": [10, 2, 13],
			"faces": {
				"north": {"uv": [3, 4, 4.5, 4.5], "texture": "#0"},
				"east": {"uv": [9, 1.5, 9.25, 2], "texture": "#0"},
				"south": {"uv": [8, 1, 9, 1.5], "texture": "#0"},
				"west": {"uv": [9, 1.5, 9.25, 2], "texture": "#0"},
				"up": {"uv": [8, 0, 9, 0.25], "texture": "#0"},
				"down": {"uv": [8, 1.5, 9, 1.75], "texture": "#0"}
			}
		},
		{
			"name": "Snouttop",
			"from": [6, 2, 12],
			"to": [10, 4, 13],
			"faces": {
				"north": {"uv": [3, 4, 4, 4.5], "texture": "#0"},
				"east": {"uv": [7.75, 0.5, 8, 1], "texture": "#0"},
				"south": {"uv": [8, 0.5, 9, 1], "texture": "#0"},
				"west": {"uv": [9, 0.5, 9.25, 1], "texture": "#0"},
				"up": {"uv": [8, 0.25, 9, 0.5], "texture": "#0"},
				"down": {"uv": [10.25, 0.25, 11.25, 0.5], "texture": "#0"}
			}
		},
		{
			"name": "Ear1",
			"from": [3, 2, 6],
			"to": [4, 7, 10],
			"rotation": {"angle": -22.5, "axis": "z", "origin": [3, 7, 8]},
			"faces": {
				"north": {"uv": [11, 2.5, 11.25, 3.75], "texture": "#0"},
				"east": {"uv": [11.25, 2.5, 12.25, 3.75], "texture": "#0"},
				"south": {"uv": [10.75, 2.5, 11, 3.75], "texture": "#0"},
				"west": {"uv": [9.75, 2.5, 10.75, 3.75], "texture": "#0"},
				"up": {"uv": [10.75, 1.5, 11, 2.5], "texture": "#0"},
				"down": {"uv": [11, 1.5, 11.25, 2.5], "texture": "#0"}
			}
		},
		{
			"name": "Ear2",
			"from": [12, 2, 6],
			"to": [13, 7, 10],
			"rotation": {"angle": 22.5, "axis": "z", "origin": [13, 7, 8]},
			"faces": {
				"north": {"uv": [14, 2.5, 14.25, 3.75], "texture": "#0"},
				"east": {"uv": [14.25, 2.5, 15.25, 3.75], "texture": "#0"},
				"south": {"uv": [13.75, 2.5, 14, 3.75], "texture": "#0"},
				"west": {"uv": [12.75, 2.5, 13.75, 3.75], "texture": "#0"},
				"up": {"uv": [13.75, 1.5, 14, 2.5], "texture": "#0"},
				"down": {"uv": [14, 1.5, 14.25, 2.5], "texture": "#0"}
			}
		},
		{
			"name": "Tusk1",
			"from": [5, 0, 12],
			"to": [6, 2, 13],
			"faces": {
				"north": {"uv": [0, 1.25, 0.25, 1.75], "texture": "#0"},
				"east": {"uv": [0.25, 0.25, 0.5, 0.75], "texture": "#0"},
				"south": {"uv": [0.75, 0.25, 1, 0.75], "texture": "#0"},
				"west": {"uv": [0.75, 0.25, 1, 0.75], "texture": "#0"},
				"up": {"uv": [0.75, 0, 1, 0.25], "texture": "#0"},
				"down": {"uv": [1.25, 0, 1.5, 0.25], "texture": "#0"}
			}
		},
		{
			"name": "Tusk2",
			"from": [10, 0, 12],
			"to": [11, 2, 13],
			"faces": {
				"north": {"uv": [0, 1.25, 0.25, 1.75], "texture": "#0"},
				"east": {"uv": [1, 0.25, 1.25, 0.75], "texture": "#0"},
				"south": {"uv": [0.75, 0.25, 1, 0.75], "texture": "#0"},
				"west": {"uv": [0.25, 0.25, 0.5, 0.75], "texture": "#0"},
				"up": {"uv": [0.75, 0, 1, 0.25], "texture": "#0"},
				"down": {"uv": [1.25, 0, 1.5, 0.25], "texture": "#0"}
			}
		}
	]
}